movieId,movieName,movieImage,movieOriginalName,movieCategories,movieStatus,moviePublish,movieDuration,movieDescription,movieEpisodeTotal,movieEpisodeCurrent,movieEpisodes,movieUniqueId,movieTags,movieCountry
3560,Dungeon ni Deai wo Motomeru no wa Machigatteiru Darou ka S4,https://animehay.pro/upload/poster/3560-1672541275.jpg,DanMachi 4th Season | Is It Wrong That I Want to Meet You in a Dungeon 4th Season | Dungeon ni Deai wo Motomeru no wa Machigatteiru Darou ka IV: Shin Shou - Meikyuu-hen,Anime|Hành động|Hài hước|Tình cảm|Giả tưởng|Phiêu lưu,Đang Tiến Hành,2022,22 tập,Phần tiếp theo của tựa phim Dungeon ni Deai wo Motomeru no wa Machigatteiru Darou,22,18,"[{""episode_name"":""0.5"",""episode_slug"":""tap-0.5"",""video_hydrax"":""https://playhydrax.com/?v=J0rhrqrfl""},{""episode_name"":""1"",""episode_slug"":""tap-1"",""video_hydrax"":""https://playhydrax.com/?v=G5AK5Gvtk""},{""episode_name"":""2"",""episode_slug"":""tap-2"",""video_hydrax"":""https://playhydrax.com/?v=brHXUtBKK""},{""episode_name"":""3"",""episode_slug"":""tap-3"",""video_hydrax"":""https://playhydrax.com/?v=lWP5u0RRj""},{""episode_name"":""4"",""episode_slug"":""tap-4"",""video_hydrax"":""https://playhydrax.com/?v=BmqpoXYo9""},{""episode_name"":""5"",""episode_slug"":""tap-5"",""video_hydrax"":""https://playhydrax.com/?v=_Z0qc6KBd""},{""episode_name"":""6"",""episode_slug"":""tap-6"",""video_hydrax"":""https://playhydrax.com/?v=nFOgFnNzC""},{""episode_name"":""7"",""episode_slug"":""tap-7"",""video_hydrax"":""https://playhydrax.com/?v=W_7o_0WEK""},{""episode_name"":""8"",""episode_slug"":""tap-8"",""video_hydrax"":""https://playhydrax.com/?v=j5QepxKoh""},{""episode_name"":""9"",""episode_slug"":""tap-9"",""video_hydrax"":""https://playhydrax.com/?v=qY4xQl1IC""},{""episode_name"":""10"",""episode_slug"":""tap-10"",""video_hydrax"":""https://playhydrax.com/?v=K6N6Sok4K""},{""episode_name"":""11"",""episode_slug"":""tap-11"",""video_hydrax"":""https://playhydrax.com/?v=ZhfPzRHRr""},{""episode_name"":""12"",""episode_slug"":""tap-12"",""video_hydrax"":""https://playhydrax.com/?v=TG1x2uwqp""},{""episode_name"":""13"",""episode_slug"":""tap-13"",""video_hydrax"":""https://playhydrax.com/?v=XDKRmvx-ns""},{""episode_name"":""14"",""episode_slug"":""tap-14"",""video_hydrax"":""https://playhydrax.com/?v=UNhV7gqL1""},{""episode_name"":""15"",""episode_slug"":""tap-15"",""video_hydrax"":""https://playhydrax.com/?v=dzTF2TYZA""},{""episode_name"":""16"",""episode_slug"":""tap-16"",""video_hydrax"":""https://playhydrax.com/?v=C2QAlVa_1""},{""episode_name"":""17"",""episode_slug"":""tap-17"",""video_hydrax"":""https://playhydrax.com/?v=KMFQOddEx""},{""episode_name"":""18"",""episode_slug"":""tap-18"",""video_hydrax"":""https://playhydrax.com/?v=HXvHEejNf""}]",animehay-3560,DanMachi 4th Season | Is It Wrong That I Want to Meet You in a Dungeon 4th Season | Dungeon ni Deai wo Motomeru no wa Machigatteiru Darou ka IV: Shin Shou - Meikyuu-hen,Nhật Bản
3641,Bách Luyện Thành Thần,https://animehay.pro/upload/poster/3641-1667064117.jpg,,CN Animation|Kiếm hiệp|Huyền ảo|Dị giới,Đang Tiến Hành,2022,52 tập,"PHIM ĐƯỢC CẬP NHẬT VÀO MỖI THỨ 6 HÀNG TUẦN

 

Main: La Chinh (tên giả: La Thiên Chinh) 

Chủng tộc: hệ Đích tộc Lê 

Cảnh giới:   *(tham khảo thêm tại https://by.com.vn/VJH9C)

Thân Thể Cảnh
Tiên Thiên Bí Cảnh 
Chiếu Thần Cảnh
Thần Đan Cảnh
Hư Kiếp Cảnh
Sinh Tử Cảnh
Hóa Thần Tam Biến:
Giới Chủ Cảnh
Chân Thần Cảnh: Phổ Thông --- Phong Thánh ( Thánh Nhân ) < Á Thánh --- Chân Thánh --- Đại Thánh ( Thánh Hoàng ) 
Bỉ Ngạn Cảnh: Phổ Thông --- Hỗn Độn Cổ Thần ( Chân Lý Chi Tử ) --- Chung Yên Chi Chủ --- Chung Cực Chi Thần --- Sáng Thế Khởi Nguyên Thần

 

Harem: Ninh Vũ Điệp (kết hôn chương 936), Khê Ấu Cầm (kết hôn chương 1719), Huân, Tô Linh Vận, Hàm Lưu Tô, Mục Ngưng, Lăng Sương, Phượng Ca (Phần cuối kết hôn với những cô gái còn lại) 

Gia đình: La Tiêu (bố), Lê Lạc Thủy (mẹ), La Yên (em gái) 

Con cái: La Niệm (con trai với Ninh Vũ Điệp), La Vân Hân (con gái với Khê Ấu Cầm) 

Bằng hữu: Hoa Thiên Mệnh, Bách Lý Hồng Phong, Bùi Thiên Diệu, Lại Hoa Thiên, Tô Khoan, Mạc Nhất Kiếm, Sầu Tuẫn 

Sư phụ: Cố Bắc (Thần phương Bắc, vị thần hiền từ nhất trong các thần vực) 

 

Gia tộc suy tàn, người thân gặp nạn, La Chinh lên voi xuống chó, trở thành một tên nô lệ thấp hèn. Khi các gia tộc tranh đấu không ngừng, sức mạnh thần bí bao trùm thế giới. La Chinh không cam chịu số phận, đã tình cờ có được công pháp thần bí, tự luyện mình thành binh khí, mở màn cho cuộc tranh đấu cam go.",52,17,"[{""episode_name"":""1"",""episode_slug"":""tap-1"",""video_hydrax"":""https://playhydrax.com/?v=uLEDZTymxq""},{""episode_name"":""2"",""episode_slug"":""tap-2"",""video_hydrax"":""https://playhydrax.com/?v=Hwp4SegLq""},{""episode_name"":""3"",""episode_slug"":""tap-3"",""video_hydrax"":""https://playhydrax.com/?v=zcjYWTZEh""},{""episode_name"":""4"",""episode_slug"":""tap-4"",""video_hydrax"":""https://playhydrax.com/?v=XyDA3_mAMN""},{""episode_name"":""5"",""episode_slug"":""tap-5"",""video_hydrax"":""https://playhydrax.com/?v=mMF6l24BT""},{""episode_name"":""6"",""episode_slug"":""tap-6"",""video_hydrax"":""https://playhydrax.com/?v=dLjjEVMEQ""},{""episode_name"":""7"",""episode_slug"":""tap-7"",""video_hydrax"":""https://playhydrax.com/?v=uCZViFdkm""},{""episode_name"":""8"",""episode_slug"":""tap-8"",""video_hydrax"":""https://playhydrax.com/?v=8tlRtIZVuM""},{""episode_name"":""9"",""episode_slug"":""tap-9"",""video_hydrax"":""https://playhydrax.com/?v=Gb-by2FNq""},{""episode_name"":""10"",""episode_slug"":""tap-10"",""video_hydrax"":""https://playhydrax.com/?v=iNg1IHv9F""},{""episode_name"":""11"",""episode_slug"":""tap-11"",""video_hydrax"":""https://playhydrax.com/?v=9O5eKnemk""},{""episode_name"":""12"",""episode_slug"":""tap-12"",""video_hydrax"":""https://playhydrax.com/?v=9BIr_6SCnX""},{""episode_name"":""13"",""episode_slug"":""tap-13"",""video_hydrax"":""https://playhydrax.com/?v=B-K16zcgq""},{""episode_name"":""14"",""episode_slug"":""tap-14"",""video_hydrax"":""https://playhydrax.com/?v=znnBH0eNm""},{""episode_name"":""15"",""episode_slug"":""tap-15"",""video_hydrax"":""https://playhydrax.com/?v=rRX7IjL8O""},{""episode_name"":""16"",""episode_slug"":""tap-16"",""video_hydrax"":""https://playhydrax.com/?v=_iRzUMAFA""},{""episode_name"":""17"",""episode_slug"":""tap-17"",""video_hydrax"":""https://playhydrax.com/?v=ZQ8FKtGc3""}]",animehay-3641,,Trung Quốc
3650,Thế Giới Vô Hạn,https://animehay.pro/upload/poster/3650-1672540886.jpg,The Infinitors (2022),CN Animation|Xuyên không|Huyền ảo|Dị giới,Đang Tiến Hành,2022,16 tập,"PHIM ĐƯỢC CẬP NHẬT 1 TẬP MỖI THỨ 6 HÀNG TUẦN

 

 Main: Trịnh Xá

 

Truyện được cải biên từ tiểu thuyết Vô Hạn Khủng Bố của tác giả “zhttty”

 

Trịnh Xá là một viên chức bình thường, vì chán nản cuộc sống hiện thực mà gặp phải câu hỏi tương tự trên màn hình vi tính. Sau khi nhấn ""YES"", Trịnh Xá bị đưa đến một nơi với tên gọi là ""Chủ Thần Không Gian"". Cứ sau 10 ngày hắn lại bị đưa vào những bộ phim kinh dị khác nhau để chiến đấu và để sinh tồn. Dần dần hắn hiểu ra rằng hắn muốn sống, muốn trở về hiện thực và hiểu ra được ý nghĩa thật sự của 2 từ ""Đồng đội"".

 

Cấp độ:

 

Nhất Giai
Nhị Giai
Tam Giai
Tứ Giai ( Nhập Vi ): Sơ Cấp --- Trung Cấp --- Cao Cấp
Ngũ Giai ( Thánh Nhân - Thánh Vị ):

+ Sơ Cấp ( Phổ Thông - Ngụy Thánh )

+ Cao Cấp

+ Tiên Thiên Thánh Nhân ( Chân Thánh )

+ Hoàng Cấp / Bạch Cấp / Hắc Cấp

+ Nội Vũ Trụ ( Chung Cực Cấp Độ ): Nội Sinh Vũ Trụ --- Nhất Niệm Đa Nguyên --- Bán Bộ Đa Nguyên --- Nội Hữu Đa Nguyên --- Đa Nguyên Huyền Hoàng

+ Bán Bộ Siêu Thoát

Lục Giai ( Bỉ Ngạn Cảnh - Truyền Thuyết Cấp - Siêu Thoát Cảnh - Vô Hạn Cảnh )
Siêu Thoát Chi Thượng Cảnh
Bất Khả Danh Trạng Cảnh",16,12,"[{""episode_name"":""1"",""episode_slug"":""tap-1"",""video_hydrax"":""https://playhydrax.com/?v=jeXCiKv6T""},{""episode_name"":""2"",""episode_slug"":""tap-2"",""video_hydrax"":""https://playhydrax.com/?v=NS22BGYur""},{""episode_name"":""3"",""episode_slug"":""tap-3"",""video_hydrax"":""https://playhydrax.com/?v=xItc3g3GN""},{""episode_name"":""4"",""episode_slug"":""tap-4"",""video_hydrax"":""https://playhydrax.com/?v=rbtzisapW""},{""episode_name"":""5"",""episode_slug"":""tap-5"",""video_hydrax"":""https://playhydrax.com/?v=pd41iMYrqC""},{""episode_name"":""6"",""episode_slug"":""tap-6"",""video_hydrax"":""https://playhydrax.com/?v=c59rcKqQF""},{""episode_name"":""7"",""episode_slug"":""tap-7"",""video_hydrax"":""https://playhydrax.com/?v=9q-53OmEr""},{""episode_name"":""8"",""episode_slug"":""tap-8"",""video_hydrax"":""https://playhydrax.com/?v=no9xeK26v""},{""episode_name"":""9"",""episode_slug"":""tap-9"",""video_hydrax"":""https://playhydrax.com/?v=ZA-3RcopR""},{""episode_name"":""10"",""episode_slug"":""tap-10"",""video_hydrax"":""https://playhydrax.com/?v=eNlx0oNkI""},{""episode_name"":""11"",""episode_slug"":""tap-11"",""video_hydrax"":""https://playhydrax.com/?v=sPnnUbf1l""},{""episode_name"":""12"",""episode_slug"":""tap-12"",""video_hydrax"":""https://playhydrax.com/?v=TW7Xf6ZAb""}]",animehay-3650,The Infinitors (2022),Trung Quốc
3655,Nhất Nhân Chi Hạ Phần 5,https://animehay.pro/upload/poster/3655.jpg,Hitori No Shita Season 5: The Outcast,CN Animation|Huyền ảo,Đang Tiến Hành,2022,25 tập,"PHIM ĐƯỢC CẬP NHẬT 1 TẬP MỖI THỨ 6 HÀNG TUẦN

 

Trương Sở Lam, Phùng Bảo Bảo cùng đám người làm công truy bắt Trần Đoá, đi tới thôn Bích Du. Trong lúc điều tra chân tướng Trần Đoá sát hại Liêu Trung, việc xử lý Mã Tiên Hồng và Tu Thân Lô như đạn đã lên nòng. Đêm gió lớn trăng mờ, chính là lúc phóng hoả, đại chiến hết sức căng thẳng! Phần Quyết Chiến Bích Du Thôn mạnh mẽ đánh tới.",25,11,"[{""episode_name"":""1"",""episode_slug"":""tap-1"",""video_hydrax"":""https://playhydrax.com/?v=zYmcbC5Jtz""},{""episode_name"":""2"",""episode_slug"":""tap-2"",""video_hydrax"":""https://playhydrax.com/?v=6AKvOU0Nx""},{""episode_name"":""3"",""episode_slug"":""tap-3"",""video_hydrax"":""https://playhydrax.com/?v=YkV4aMxRuO""},{""episode_name"":""4"",""episode_slug"":""tap-4"",""video_hydrax"":""https://playhydrax.com/?v=4QA65mHQV""},{""episode_name"":""5"",""episode_slug"":""tap-5"",""video_hydrax"":""https://playhydrax.com/?v=U1JeQy2Cv""},{""episode_name"":""6"",""episode_slug"":""tap-6"",""video_hydrax"":""https://playhydrax.com/?v=vGxLcXTQ8""},{""episode_name"":""7"",""episode_slug"":""tap-7"",""video_hydrax"":""https://playhydrax.com/?v=_QqM3uDoL""},{""episode_name"":""8"",""episode_slug"":""tap-8"",""video_hydrax"":""https://playhydrax.com/?v=u_uC1KtY5""},{""episode_name"":""9"",""episode_slug"":""tap-9"",""video_hydrax"":""https://playhydrax.com/?v=Ff1AwQ1E5""},{""episode_name"":""10"",""episode_slug"":""tap-10"",""video_hydrax"":""https://playhydrax.com/?v=IO57iyzsb""},{""episode_name"":""11"",""episode_slug"":""tap-11"",""video_hydrax"":""https://playhydrax.com/?v=xd5sSjQYY""}]",animehay-3655,Hitori No Shita Season 5: The Outcast,Trung Quốc
3671,Spy Kyoushitsu,https://animehay.pro//upload/poster/3671.jpg,Spy Room | スパイ教室 | Lớp Học Điệp Viên (2023),Anime|Hành động|Hài hước|Tình cảm|Bí ẩn,Đang Tiến Hành,2023,?? tập,"Sau khi một cuộc chiến khủng khiếp tàn phá dân chúng nói chung, các chính phủ trên thế giới đã chuyển sang một chiến thuật khó nắm bắt hơn để tiếp tục chương trình nghị sự của họ—một cuộc chiến diễn ra trong bóng tối. Lily, một cô gái xinh đẹp với những lọn tóc trắng, là sinh viên của một trong nhiều học viện đào tạo thanh niên trở thành điệp viên có năng lực. Thật không may, mặc dù đạt điểm cao trong bài kiểm tra viết, nhưng cô ấy chỉ vừa đủ vượt qua phần thực hành của mình. Không có kỹ năng thực tế nào để nói đến, hy vọng tốt nghiệp của cô ấy rất ảm đạm cho đến khi cô ấy được trao cơ hội gia nhập đội bí ẩn Tomoshibi và tham gia vào Nhiệm vụ bất khả thi. Phấn khích trước viễn cảnh được làm việc với giới thượng lưu, Lily nhiệt tình nhận lời. Tuy nhiên, cô ấy chết lặng khi đến Cung điện Kagerou và mục đích thực sự của Tomoshibi và tình huống vô vọng của nó được đưa ra ánh sáng. Được tham gia bởi các nữ điệp viên có vấn đề khác cùng với một thanh niên bí ẩn dẫn đầu chiến dịch, Lily nhận ra rằng đây không phải là cuộc vượt ngục lý tưởng mà cô đã hình dung. [Viết bởi MAL Rewrite]",??,7,"[{""episode_name"":""1"",""episode_slug"":""tap-1"",""video_hydrax"":""https://playhydrax.com/?v=GnP3-xrnX""},{""episode_name"":""2"",""episode_slug"":""tap-2"",""video_hydrax"":""https://playhydrax.com/?v=uyolMHOY6A""},{""episode_name"":""3"",""episode_slug"":""tap-3"",""video_hydrax"":""https://playhydrax.com/?v=Wn0_EaFBX""},{""episode_name"":""4"",""episode_slug"":""tap-4"",""video_hydrax"":""https://playhydrax.com/?v=hn2AZ_jk5""},{""episode_name"":""5"",""episode_slug"":""tap-5"",""video_hydrax"":""https://playhydrax.com/?v=ZOVnrYaHk""},{""episode_name"":""6"",""episode_slug"":""tap-6"",""video_hydrax"":""https://playhydrax.com/?v=4WSVZ48vC""},{""episode_name"":""7"",""episode_slug"":""tap-7"",""video_hydrax"":""https://playhydrax.com/?v=6laUgXBKZ""}]",animehay-3671,Spy Room | スパイ教室 | Lớp Học Điệp Viên (2023),Nhật Bản
3672,Hyouken no Majutsushi ga Sekai wo Suberu,https://animehay.pro//upload/poster/3672.jpg,冰剣の魔術師が世界を統べる | The Iceblade Sorcerer Shall Rule the World | Phù Thủy Băng Kiếm Sẽ Thống Trị Thế Giới (2023),Anime|Hành động|Học đường|Siêu nhiên,Đang Tiến Hành,2023,?? tập,"Mọi người đều biết về người lính mạnh nhất, Iceblade Magician, người đã lãnh đạo đất nước giành chiến thắng ba năm trước, nhưng ít người biết tên thật của anh ta: Ray White. Sau khi vượt qua một cuộc chiến đẫm máu, Ray đăng ký vào Học viện Arnold, sẵn sàng trải nghiệm một cuộc sống bình thường—một điều xa xỉ mà anh chưa từng có. Để đạt được mục tiêu này, anh ta giữ bí mật về danh tính Pháp sư Băng kiếm của mình, những vết sẹo trong quá khứ vẫn còn ám ảnh anh ta cho đến tận ngày nay. Mặc dù bị tẩy chay vì là thường dân, Ray kết bạn với Amelia Rose kiêu hãnh nhưng tốt bụng, Evy Armstrong cơ bắp và Elisa nhút nhát và mọt sách. Tuy nhiên, âm mưu đang rình rập trong các bức tường của học viện, và Ray được giao nhiệm vụ săn lùng một điệp viên có động cơ vẫn chưa rõ ràng. Để bảo vệ những người bạn mới quen và những người anh yêu quý, Ray sẽ làm bất cứ điều gì cần thiết, ngay cả khi điều đó có nghĩa là phải đối mặt với quá khứ của anh. [Viết bởi MAL Rewrite]",??,7,"[{""episode_name"":""1"",""episode_slug"":""tap-1"",""video_hydrax"":""https://playhydrax.com/?v=6fZcfXCsuJ""},{""episode_name"":""2"",""episode_slug"":""tap-2"",""video_hydrax"":""https://playhydrax.com/?v=4VaOlXYhp""},{""episode_name"":""3"",""episode_slug"":""tap-3"",""video_hydrax"":""https://playhydrax.com/?v=H5T3jIeHY""},{""episode_name"":""4"",""episode_slug"":""tap-4"",""video_hydrax"":""https://playhydrax.com/?v=iXTZ57Z7P""},{""episode_name"":""5"",""episode_slug"":""tap-5"",""video_hydrax"":""https://playhydrax.com/?v=HQC8synlK""},{""episode_name"":""6"",""episode_slug"":""tap-6"",""video_hydrax"":""https://playhydrax.com/?v=SJsz-E0pZ""},{""episode_name"":""7"",""episode_slug"":""tap-7"",""video_hydrax"":""https://playhydrax.com/?v=mBcjy9IAW""}]",animehay-3672,冰剣の魔術師が世界を統べる | The Iceblade Sorcerer Shall Rule the World | Phù Thủy Băng Kiếm Sẽ Thống Trị Thế Giới (2023),Nhật Bản
3673,Oniichan wa Oshimai!,https://animehay.pro//upload/poster/3673.png,Onii-chan is Done For | お兄ちゃんはおしまい！ | Onimai: I'm Now Your Sister! (2023),Anime|Hài hước|Học đường|Đời thường,Đang Tiến Hành,2023,?? tập,"Mahiro Oyama chỉ là một anh chàng yêu thích trò chơi khiêu dâm bình thường...cho đến khi anh ta thức dậy vào một buổi sáng với tư cách là một phụ nữ! Hóa ra em gái nhà khoa học điên rồ của anh, Mihari, đã thử một trong những thí nghiệm mới của cô ấy với anh... với một kết quả thảm hại, theo như Mahiro quan tâm! Nhưng Mihari quyết tâm nghiên cứu anh ấy cũng như quyết tâm quay trở lại cuộc sống đóng cửa, chơi game của mình, và một điều chắc chắn rằng... cuộc sống sẽ trở nên kỳ lạ hơn rất nhiều kể từ đây trở đi! (Nguồn: Kodansha Mỹ)",??,7,"[{""episode_name"":""1"",""episode_slug"":""tap-1"",""video_hydrax"":""https://playhydrax.com/?v=HwwrQdOT_""},{""episode_name"":""2"",""episode_slug"":""tap-2"",""video_hydrax"":""https://playhydrax.com/?v=sHLFPhmef""},{""episode_name"":""3"",""episode_slug"":""tap-3"",""video_hydrax"":""https://playhydrax.com/?v=puf4ZsaGR""},{""episode_name"":""4"",""episode_slug"":""tap-4"",""video_hydrax"":""https://playhydrax.com/?v=_CKnGqTDm""},{""episode_name"":""5"",""episode_slug"":""tap-5"",""video_hydrax"":""https://playhydrax.com/?v=GSTSCN_ge""},{""episode_name"":""6"",""episode_slug"":""tap-6"",""video_hydrax"":""https://playhydrax.com/?v=RJbPv8PQX""},{""episode_name"":""7"",""episode_slug"":""tap-7"",""video_hydrax"":""https://playhydrax.com/?v=_ej3O-Fyq""}]",animehay-3673,Onii-chan is Done For | お兄ちゃんはおしまい！ | Onimai: I'm Now Your Sister! (2023),Nhật Bản
3674,Inu ni Nattara Suki na Hito ni Hirowareta,https://animehay.pro//upload/poster/3674.jpg,Inuhiro | 犬になったら好きな人に拾われた。 | My Life as Inukai-san's Dog. (2023),Anime|Hài hước|Tình cảm|Ecchi,Đang Tiến Hành,2023,?? tập,"Họ nói rằng mỗi con chó có ngày của mình. Điều đó đặc biệt đúng với nhân vật chính của chúng ta, người vừa bị biến thành một chú chó và hiện đang sống hàng ngày dưới sự chăm sóc của người mình yêu, Inukai-san! Cô ấy vui vẻ yêu người bạn đồng hành mới của mình, và trong khi anh ấy muốn trở lại hình dạng con người vào một ngày nào đó, thì có điều gì đó tuyệt vời khi được người anh ấy yêu chăm sóc. (Nguồn: HIDIVE)",??,7,"[{""episode_name"":""1"",""episode_slug"":""tap-1"",""video_hydrax"":""https://playhydrax.com/?v=zt-Q1IYes""},{""episode_name"":""2"",""episode_slug"":""tap-2"",""video_hydrax"":""https://playhydrax.com/?v=zwimybieV""},{""episode_name"":""3"",""episode_slug"":""tap-3"",""video_hydrax"":""https://playhydrax.com/?v=Hm_JQW-MT""},{""episode_name"":""4"",""episode_slug"":""tap-4"",""video_hydrax"":""https://playhydrax.com/?v=S9D8YvJMz""},{""episode_name"":""5"",""episode_slug"":""tap-5"",""video_hydrax"":""https://playhydrax.com/?v=X5wwLnRvu""},{""episode_name"":""6"",""episode_slug"":""tap-6"",""video_hydrax"":""https://playhydrax.com/?v=ascwhWgf9""},{""episode_name"":""7"",""episode_slug"":""tap-7"",""video_hydrax"":""https://playhydrax.com/?v=Z2RRpEviUO""}]",animehay-3674,Inuhiro | 犬になったら好きな人に拾われた。 | My Life as Inukai-san's Dog. (2023),Nhật Bản
3706,Revenger,https://animehay.pro//upload/poster/3706.png,,Anime|Bí ẩn|Lịch sử|Samurai,Đang Tiến Hành,2023,?? tập,"Khi bậc thầy sát thủ Usui Yuen dò xét một loạt các vụ ám sát được thực hiện đối với đại gia tộc samurai, Satsuma, anh đã gặp Kurima Raizo, thành viên và là người còn sống sót sau một trong những cuộc tấn công. Cùng nhau, họ đã khám phá ra bản chất thực sự của những vụ ám sát này còn có những bí mật đằng sau. Khi họ tiến gần hơn đến sự thật, liệu họ có sống lại để trả thù?",??,7,"[{""episode_name"":""1"",""episode_slug"":""tap-1"",""video_hydrax"":""https://playhydrax.com/?v=XwFmnXsXi""},{""episode_name"":""2"",""episode_slug"":""tap-2"",""video_hydrax"":""https://playhydrax.com/?v=vGvF1lne4""},{""episode_name"":""3"",""episode_slug"":""tap-3"",""video_hydrax"":""https://playhydrax.com/?v=5SPT91Jhk""},{""episode_name"":""4"",""episode_slug"":""tap-4"",""video_hydrax"":""https://playhydrax.com/?v=SKLI6NEYz""},{""episode_name"":""5"",""episode_slug"":""tap-5"",""video_hydrax"":""https://playhydrax.com/?v=QeaynJYPI""},{""episode_name"":""6"",""episode_slug"":""tap-6"",""video_hydrax"":""https://playhydrax.com/?v=HI-00obTS""},{""episode_name"":""7"",""episode_slug"":""tap-7"",""video_hydrax"":""https://playhydrax.com/?v=bcZ2EvhMK""}]",animehay-3706,,Nhật Bản